Weapon,Type,Country
Smith & Wesson Model 10,Sidearms,Austria
Roth–Steyr M1907,Sidearms,Austria
Steyr M1912,Sidearms,Austria
Luger P08,Sidearms,Austria
Dreyse M1907,Sidearms,Austria
Mauser C96,Sidearms,Austria
Walther P38,Sidearms,Austria
Steyr-Mannlicher M1895,Rifles,Austria
MP 34,Submachine guns,Austria
MP 40,Submachine guns,Austria
Browning M1918,Machine guns,Austria
Schwarzlose M1907/12,Machine guns,Austria
MG 30,Machine guns,Austria
Browning Hi-Power,Sidearms,Belgium
Ruby pistol,Sidearms,Belgium
FN M1903,Sidearms,Belgium
FN M1910 and M1922,Sidearms,Belgium
Nagant M1895,Sidearms,Belgium
Lee–Enfield No.4 Mk I,Rifles,Belgium
Belgian Mauser M1935,Rifles,Belgium
Mosin–Nagant M1891/30,Rifles,Belgium
Gewehr 98,Rifles,Belgium
Mauser M1889,Rifles,Belgium
Sten,Submachine guns,Belgium
MP 18,Submachine guns,Belgium
MP 28,Submachine guns,Belgium
Lewis gun,Light machine guns,Belgium
Browning M1918,Light machine guns,Belgium
FN M1930,Light machine guns,Belgium
MG 08/15,Light machine guns,Belgium
Browning M1917,Heavy machine guns,Belgium
Hotchkiss M1914,Heavy machine guns,Belgium
Vickers machine gun,Heavy machine guns,Belgium
MG 08,Heavy machine guns,Belgium
PIAT,Anti-tank weapons,Belgium
M1924,Bayonets,Belgium
M1917 revolver,Sidearms,Brazil
Browning Hi-Power,Sidearms,Brazil
Colt M1911,Sidearms,Brazil
Luger P08,Sidearms,Brazil
M1 Garand,Rifles,Brazil
M1 Carbine,Rifles,Brazil
Springfield M1903,Rifles,Brazil
FN M1924,Rifles,Brazil
Vz. 24,Rifles,Brazil
Vz. 33,Rifles,Brazil
Mauser M1908,Rifles,Brazil
Coach gun,Shotguns,Brazil
Winchester 1897,Shotguns,Brazil
Browning Auto-5,Shotguns,Brazil
Ithaca 37,Shotguns,Brazil
M3 grease gun,Submachine guns,Brazil
M50 Reising,Submachine guns,Brazil
Thompson submachine gun,Submachine guns,Brazil
MP18,Submachine guns,Brazil
Browning M1918,Light machine guns,Brazil
Hotchkiss M1909,Light machine guns,Brazil
Madsen machine gun,Light machine guns,Brazil
Browning M1919,Medium machine guns,Brazil
Browning M1917,Heavy machine guns,Brazil
Browning M2,Heavy machine guns,Brazil
Hotchkiss M1914,Heavy machine guns,Brazil
MG 08,Heavy machine guns,Brazil
M2 flamethrower,Flamethrowers,Brazil
M1 Bazooka,Anti-tank weapons,Brazil
M18 recoilless rifle,Anti-tank weapons,Brazil
Mk 2 grenade,Grenades,Brazil
Molotov Cocktail,Grenades,Brazil
Luger P08 pistol,Sidearms,Bulgaria
Walther PP,Sidearms,Bulgaria
Tokarev TT-33,Sidearms,Bulgaria
Mosin–Nagant M1891/30,Rifles,Bulgaria
Steyr-Mannlicher M1895,Rifles,Bulgaria
Karabiner 98k,Rifles,Bulgaria
ZK-383,Submachine guns,Bulgaria
MP 34,Submachine guns,Bulgaria
MP 40,Submachine guns,Bulgaria
PPSh-41,Submachine guns,Bulgaria
PPS-43,Submachine guns,Bulgaria
Maxim M1910,Machine guns,Bulgaria
Bren light machine gun,Machine guns,Bulgaria
Madsen machine gun,Machine guns,Bulgaria
Schwarzlose M1907/12,Machine guns,Bulgaria
MG 08,Machine guns,Bulgaria
MG 30,Machine guns,Bulgaria
MG 34,Machine guns,Bulgaria
Degtyaryov DP-28,Machine guns,Bulgaria
Brandt M1927/31,Mortars,Bulgaria
8 cm Granatwerfer 34,Mortars,Bulgaria
Solothurn S-18/100,Anti-tank weapons,Bulgaria
Panzerschreck,Anti-tank weapons,Bulgaria
Panzerfaust,Anti-tank weapons,Bulgaria
Browning Hi-Power,Sidearms,Canada
Enfield Revolver,Sidearms,Canada
Colt M1911,Sidearms,Canada
Colt Police Positive,Sidearms,Canada
Smith & Wesson Victory Model,Sidearms,Canada
Smith & Wesson Triple Lock,Sidearms,Canada
Webley Revolver,Sidearms,Canada
M1 Carbine,Rifles,Canada
M1917 Enfield,Rifles,Canada
No.III Lee–Enfield,Rifles,Canada
No.4 Mk I Lee–Enfield,Rifles,Canada
Ross Rifle,Rifles,Canada
M50 Reising,Submachine guns,Canada
Thompson submachine gun,Submachine guns,Canada
Sten,Submachine guns,Canada
Lanchester submachine gun,Submachine guns,Canada
Lewis Gun,Machine guns,Canada
Browning M1917,Machine guns,Canada
Browning M1918,Machine guns,Canada
Browning M1919,Machine guns,Canada
M1941 Johnson machine gun,Machine guns,Canada
Bren light machine gun,Machine guns,Canada
Vickers machine gun,Machine guns,Canada
"Flamethrower, Portable, No 2",Flamethrowers,Canada
M1 Bazooka,Anti-tank weapons,Canada
PIAT,Anti-tank weapons,Canada
Boys anti tank rifle,Anti-tank weapons,Canada
Mk.2 Frag Grenade+A30,Grenades,Canada
No 68 AT Grenade,Grenades,Canada
Mills bomb,Grenades,Canada
M1917 revolver (American Lend Lease),Sidearms,China
Browning Hi-Power (Limited numbers in the Burma Campaign X-Forces and Y-Forces),Sidearms,China
Colt M1903 Pocket Hammerless (Officers only),Sidearms,China
Colt M1911A1 (American Lend Lease),Sidearms,China
Astra 900,Sidearms,China
FN M1900 (Imported and locally-produced),Sidearms,China
FN M1922,Sidearms,China
Nagant M1895,Sidearms,China
Nambu Type 14 (Captured),Sidearms,China
Mauser M712,Sidearms,China
Mauser C96 (Locally-produced),Sidearms,China
M1 Carbine (American Lend Lease),Rifles,China
M1917 Enfield (American Lend Lease),Rifles,China
Springfield M1903 (American Lend Lease),Rifles,China
"Lee–Enfield No.4 Mk1 (American Lend Lease, used in training in Burma)",Rifles,China
Carcano,Rifles,China
FN M1924,Rifles,China
Mosin–Nagant M1891 and M1891/30,Rifles,China
Arisaka (Captured),Rifles,China
Vz. 24,Rifles,China
ZH-29,Rifles,China
Hanyang Type 88,Rifles,China
Gewehr 98,Rifles,China
Type 24 rifle (Licensed copy of Gewehr 98),Rifles,China
Mauser Karabiner 98k (Mainly issued to the early German trained divisions),Rifles,China
M3A1,Submachine guns,China
United Defense M42 (American Lend Lease and local production),Submachine guns,China
Thompson SMG (American Lend Lease and local production),Submachine guns,China
Sten Gun,Submachine guns,China
Erma EMP,Submachine guns,China
SIG 1920,Submachine guns,China
MP 34,Submachine guns,China
PPD-40,Submachine guns,China
Lewis gun,Light machine guns,China
Hotchkiss M1922 machine gun,Light machine guns,China
Bren LMG (Both in .303 and 7.92 Mauser),Light machine guns,China
FM 24/29 light machine gun,Light machine guns,China
Type 11 light machine gun (Captured),Light machine guns,China
Type 96 light machine gun (Captured),Light machine guns,China
Madsen machine gun,Light machine guns,China
Lahti-Saloranta M/26 (Very limited numbers),Light machine guns,China
SIG KE7,Light machine guns,China
ZB vz.26 (Imported from Czechoslovakia and locally produced),Light machine guns,China
Degtyaryov DP-28,Light machine guns,China
PM M1910,Heavy machine guns,China
Browning M1917 (Locally produced and American Lend Lease),Heavy machine guns,China
"Browning M1919 (medium machine gun, American Lend Lease in Burma)",Heavy machine guns,China
Hotchkiss M1914 machine gun,Heavy machine guns,China
Japanese Type 3 heavy machine gun (Captured),Heavy machine guns,China
Type 24 Maxim,Heavy machine guns,China
M1A1 flamethrower,Flamethrowers,China
M1 Bazooka,Anti-tank weapons,China
Boys anti tank rifle,Anti-tank weapons,China
Type 23 grenade,Grenades,China
Chinese stielhandgranate,Grenades,China
Type 30 bayonet (Captured),Close quarter weapons,China
HY1935 bayonet,Close quarter weapons,China
Qiang (spear),Close quarter weapons,China
Dadao,Close quarter weapons,China
Miao dao,Close quarter weapons,China
FN M1922,Sidearms,Croatia
Walther P38,Sidearms,Croatia
Carcano,Rifles,Croatia
vz. 24,Rifles,Croatia
Karabiner 98k (main rifle),Rifles,Croatia
Sturmgewehr 44,Automatic rifles,Croatia
Thompson submachine gun,Submachine guns,Croatia
Suomi KP/-31,Submachine guns,Croatia
Erma EMP,Submachine guns,Croatia
MP 40,Submachine guns,Croatia
PPSh-41,Submachine guns,Croatia
Fiat-Revelli M1914,Machine guns,Croatia
ZB vz. 26,Machine guns,Croatia
MG 34,Machine guns,Croatia
MG 42,Machine guns,Croatia
Stokes mortar (60 mm),Mortars,Croatia
Brandt M1927/31 (81 mm),Mortars,Croatia
8 cm Granatwerfer 34,Mortars,Croatia
Granatwerfer 42,Mortars,Croatia
M1924 Stielhandgranate,Grenades,Croatia
M1924 smoke grenade,Grenades,Croatia
Panzerschreck,Anti-tank weapons,Croatia
Panzerfaust,Anti-tank weapons,Croatia
Kampfmesser 42,Knives and bayonets,Croatia
Seitengewehr 98,Knives and bayonets,Croatia
ČZ vz. 27,Sidearms,Czechoslovakia
ČZ vz. 38,Sidearms,Czechoslovakia
Pistole vz. 22,Sidearms,Czechoslovakia
Pistole vz. 24,Sidearms,Czechoslovakia
Lee–Enfield,Rifles,Czechoslovakia
Steyr Mannlicher M1895,Rifles,Czechoslovakia
vz. 24,Rifles,Czechoslovakia
vz. 33,Rifles,Czechoslovakia
ZH-29,Rifles,Czechoslovakia
Sten Gun,Submachine guns,Czechoslovakia
ZK-383,Submachine guns,Czechoslovakia
MP40,Submachine guns,Czechoslovakia
ZB vz. 26,Machine guns,Czechoslovakia
ZB vz. 30,Machine guns,Czechoslovakia
ZB-50,Machine guns,Czechoslovakia
ZB-53,Machine guns,Czechoslovakia
Browning Hi-Power,Sidearms,Denmark
Smith & Wesson Model 10,Sidearms,Denmark
Danish M1880/85 Army revolver,Sidearms,Denmark
Bergmann–Bayard M1910,Sidearms,Denmark
Lee–Enfield,Rifles,Denmark
Gevær M/89,Rifles,Denmark
Ag m/42,Rifles,Denmark
Gevær m/96,Rifles,Denmark
Karabiner 98k,Rifles,Denmark
Sten Gun (used by the Danish resistance movement),Submachine guns,Denmark
Lettet-Forsøgs submachine gun,Submachine guns,Denmark
Browning M1919,Machine guns,Denmark
M29 medium machine gun (heavy barrel version of the standard M24),Machine guns,Denmark
Madsen machine gun,Machine guns,Denmark
Sjögren shotgun (limited numbers),Shotguns,Denmark
Madsen 20 mm anti-aircraft cannon,Anti-tank weapons,Denmark
37 mm Fodfolkskanon M1937 (Danish Bofors 37 mm),Anti-tank weapons,Denmark
Makeshift grenades and bombs,Grenades,Denmark
Danish M1923,Grenades,Denmark
Browning Hi-Power,Sidearms,Estonia
Nagant 1895,Sidearms,Estonia
Lee Enfield,Rifles,Estonia
Mosin–Nagant,Rifles,Estonia
Suomi KP/-31,Submachine guns,Estonia
Tallinn Arsenal,Submachine guns,Estonia
Maxim M1910,Machine guns,Estonia
Madsen machine gun,Machine guns,Estonia
Solothurn S-18/1100,Anti-tank weapons,Estonia
Browning Hi-Power,Sidearms,Finland
Colt M1911 (captured),Sidearms,Finland
Smith & Wesson Model 10,Sidearms,Finland
Beretta M1934,Sidearms,Finland
Beretta M1935 (used by Home Guard),Sidearms,Finland
Ruby pistol,Sidearms,Finland
FN M1903,Sidearms,Finland
FN M1910 (used by Home Guard),Sidearms,Finland
FN M1922,Sidearms,Finland
Nagant M1895 (captured),Sidearms,Finland
Lahti L-35,Sidearms,Finland
Pistole vz. 24,Sidearms,Finland
Luger pistol (used by Finnish officers),Sidearms,Finland
Mauser C96 (614 examples used),Sidearms,Finland
"Walther P38 (Finnish UN peacekeeping forces, P1 variant)",Sidearms,Finland
TT-33 (captured),Sidearms,Finland
Lee–Enfield,Rifles,Finland
Winchester M1895,Rifles,Finland
Carcano (Special variant with attachable rifle grenade),Rifles,Finland
Mosin–Nagant M1939,Rifles,Finland
M28 rifle (also known as Pystykorva),Rifles,Finland
m/96 Mauser (also known as Carl Gustav M96),Rifles,Finland
Gewehr 98,Rifles,Finland
Karabiner 98k,Rifles,Finland
Sten (captured),Submachine guns,Finland
Suomi KP/-31,Submachine guns,Finland
MP 28 (and other variants of this weapon made in Finland and Switzerland itself),Submachine guns,Finland
MP 40 (delivered with German vehicles),Submachine guns,Finland
PPD-40 (captured),Submachine guns,Finland
PPSh-41 (captured),Submachine guns,Finland
PPS-43 (captured),Submachine guns,Finland
Lewis gun,Machine guns,Finland
Browning M1918,Machine guns,Finland
Browning M1919,Machine guns,Finland
Maxim M1910,Machine guns,Finland
Maxim M/32-33,Machine guns,Finland
Vickers machine gun,Machine guns,Finland
Chauchat (mainly used in the anti-aircraft role),Machine guns,Finland
Madsen machine gun (used by Norwegian and Danish volunteers),Machine guns,Finland
Lahti-Saloranta M/26,Machine guns,Finland
ZB vz. 26,Machine guns,Finland
Kg/1940 Light machine gun (used by Swedish volunteers),Machine guns,Finland
MG 08,Machine guns,Finland
MG 34 (limited use),Machine guns,Finland
SG-43 Goryunov,Machine guns,Finland
Degtyaryov DP-28 (captured),Machine guns,Finland
Lanciafiamme M1935,Flamethrowers,Finland
25 mm Hotchkiss anti-tank gun,Anti-tank weapons,Finland
Boys anti-tank rifle (as 14 mm pst kiv/37),Anti-tank weapons,Finland
Madsen 20 mm,Anti-tank weapons,Finland
Lahti L-39,Anti-tank weapons,Finland
Bofors 37 mm (as 37 PstK/36),Anti-tank weapons,Finland
Solothurn S-18/100,Anti-tank weapons,Finland
Panzerschreck,Anti-tank weapons,Finland
Panzerfaust,Anti-tank weapons,Finland
Molotov cocktail,Grenades,Finland
M1924 grenade,Grenades,Finland
Vickers M1931 (as 76 ITK 34),Anti-aircraft weapons,Finland
Madsen 20 mm anti-aircraft cannon,Anti-aircraft weapons,Finland
"7,62 ITKK 31 VKT",Anti-aircraft weapons,Finland
20 ITK 30,Anti-aircraft weapons,Finland
20 ITK 35,Anti-aircraft weapons,Finland
20 ITK 38K,Anti-aircraft weapons,Finland
20 ITK 40 VKT,Anti-aircraft weapons,Finland
75 ITK 37,Anti-aircraft weapons,Finland
Puukko,Knives,Finland
m/S-40,Mines,Finland
Panssarimiina m/36,Mines,Finland
Panssarimiina m/39,Mines,Finland
Panssarimiina m/S-39,Mines,Finland
Panssarimiina m/44,Mines,Finland
Star Model 14,Sidearms,France
Union pistol,Sidearms,France
Savage M1907,Sidearms,France
Smith & Wesson Model 10,Sidearms,France
FP-45 Liberator pistol(dropped by the US for the resistance),Sidearms,France
SACM M1935A,Sidearms,France
MAS M1873,Sidearms,France
MAS M1892,Sidearms,France
Ruby pistol,Sidearms,France
Luger P08 (Captured),Sidearms,France
Lee–Enfield No.4 Mk.I,Rifles,France
MAS-36,Rifles,France
Berthier M1892/16 carbine,Rifles,France
Berthier M1907/15 rifle,Rifles,France
Lebel M1886 rifle,Rifles,France
Karabiner 98k (French Resistance),Rifles,France
Winchester M1897,Shotguns,France
Winchester M1912,Shotguns,France
Thompson M1928,Submachine guns,France
Sten,Submachine guns,France
MAS-38,Submachine guns,France
Erma EMP,Submachine guns,France
MP 18,Submachine guns,France
MP 40 (French Resistance),Submachine guns,France
Lewis gun,Machine guns,France
Browning M1918,Machine guns,France
Browning M1919,Machine guns,France
Hotchkiss M1914,Machine guns,France
Hotchkiss M1922 machine gun,Machine guns,France
Bren light machine gun,Machine guns,France
Darne machine gun,Machine guns,France
MAC 24/29,Machine guns,France
Chauchat,Machine guns,France
M1 Bazooka,Anti-tank weapons,France
PIAT,Anti-tank weapons,France
Fusil anti-char Boys,Anti-tank weapons,France
F1 grenade (France),Grenades,France
OF 37 offensive grenade,Grenades,France
VB rifle grenade,Grenades,France
Brandt M1927/31,Mortars,France
Kegresse K (cable guided explosive machine),Guided explosive weapons,France
Star B,Sidearms,Nazi Germany
Browning HP (captured),Sidearms,Nazi Germany
Colt M1911 (captured),Sidearms,Nazi Germany
Beretta M1934 (under designation Pistole 671(i)),Sidearms,Nazi Germany
Astra 900,Sidearms,Nazi Germany
Ruby pistol,Sidearms,Nazi Germany
Nagant M1895 (captured),Sidearms,Nazi Germany
Pistole vz. 24 (captured),Sidearms,Nazi Germany
Pistolet wz. 35 Vis (captured),Sidearms,Nazi Germany
M712 Schnellfeuer,Sidearms,Nazi Germany
Luger P08,Sidearms,Nazi Germany
Sauer 38H,Sidearms,Nazi Germany
Mauser C96,Sidearms,Nazi Germany
Mauser HSC,Sidearms,Nazi Germany
Walther P38,Sidearms,Nazi Germany
Walther PP und PPK,Sidearms,Nazi Germany
Volkspistole,Sidearms,Nazi Germany
Tokarev TT-33 (captured),Sidearms,Nazi Germany
Krieghoff L flare pistole,Flare guns,Nazi Germany
M1 Garand (captured from the Americans and used under the designation of 7.62mm Selbstladegewehr 251(a)),Rifles,Nazi Germany
M1 Carbine (captured and were classified as the Selbstladekarabiner 455(a)),Rifles,Nazi Germany
Lee–Enfield (captured),Rifles,Nazi Germany
Winchester M1895 (issued to Volkssturm units),Rifles,Nazi Germany
Krag-Jorgensen rifle (captured),Rifles,Nazi Germany
vz. 24 (used as G24(t)),Rifles,Nazi Germany
vz. 33 (used as G33/40(t)),Rifles,Nazi Germany
Karabinek wz. 1929 (captured),Rifles,Nazi Germany
Kbsp wz. 1938M (captured during the invasion of Poland),Rifles,Nazi Germany
Mosin–Nagant M1891/30 (captured and designated as the Gewehr 252–256 series),Rifles,Nazi Germany
Gewehr 41,Rifles,Nazi Germany
Gewehr 43,Rifles,Nazi Germany
Gewehr 88 (issued to Volkssturm),Rifles,Nazi Germany
Gewehr 98,Rifles,Nazi Germany
Karabiner 98a,Rifles,Nazi Germany
Karabiner 98b,Rifles,Nazi Germany
Karabiner 98k,Rifles,Nazi Germany
"Volkssturmgewehr 1-5 (possibly 10,000 of all designs used by the Volkssturm)",Rifles,Nazi Germany
FG 42 (Battle Rifle),Select-fire intermediate cartridge rifles,Nazi Germany
MKb 42(H),Select-fire intermediate cartridge rifles,Nazi Germany
StG44,Select-fire intermediate cartridge rifles,Nazi Germany
Gewehr 43 (Scoped),Sniper rifles,Nazi Germany
Gewehr 98 (Scoped),Sniper rifles,Nazi Germany
Karabiner 98k (Scoped),Sniper rifles,Nazi Germany
M30 Luftwaffe drilling,Shotguns,Nazi Germany
"Sten (captured from British, issued as the MP 748(e))",Submachine guns,Nazi Germany
Beretta M1938 (produced by the Wehrmacht under the designations MP.738 and MP.739),Submachine guns,Nazi Germany
MAS-38 (captured),Submachine guns,Nazi Germany
Suomi KP/-31,Submachine guns,Nazi Germany
ZK-383,Submachine guns,Nazi Germany
Erma EMP,Submachine guns,Nazi Germany
MP 18/MP 28,Submachine guns,Nazi Germany
MP 28,Submachine guns,Nazi Germany
MP 34,Submachine guns,Nazi Germany
MP 35,Submachine guns,Nazi Germany
MP 38,Submachine guns,Nazi Germany
MP 40,Submachine guns,Nazi Germany
MP 41,Submachine guns,Nazi Germany
"MP 3008 (10,000, used in 1945 only as a last ditch weapon)",Submachine guns,Nazi Germany
"PPSh-41 (captured from Soviets, issued as the MP 717)",Submachine guns,Nazi Germany
Lewis gun (captured from the British),Machine guns,Nazi Germany
Browning Automatic Rifle (captured from the Americans),Machine guns,Nazi Germany
Browning wz. 1928 (captured from the Polish in 1939 and used under the designation of IMG 28(p)),Machine guns,Nazi Germany
Bren light machine gun (used captured examples under the designation 7.7 mm Leichtes Maschinengewehr MG 138(e)),Machine guns,Nazi Germany
Breda M1930,Machine guns,Nazi Germany
FM 24/29 light machine gun (captured by the Wehrmacht and redesignated as Maschinengewehr MG 24/29(f)),Machine guns,Nazi Germany
Madsen machine gun (taken into service after 1940),Machine guns,Nazi Germany
ZB vz.24 (used as G24(t)),Machine guns,Nazi Germany
ZB vz.26 (used as Maschinengewehr MG 26(t)),Machine guns,Nazi Germany
Maschinengewehr MG 30(t),Machine guns,Nazi Germany
ZB-53 (used as G26(t)),Machine guns,Nazi Germany
MG 13,Machine guns,Nazi Germany
MG 15,Machine guns,Nazi Germany
MG 17,Machine guns,Nazi Germany
MG 30,Machine guns,Nazi Germany
MG 34,Machine guns,Nazi Germany
MG 42,Machine guns,Nazi Germany
MG 81,Machine guns,Nazi Germany
MG 131,Machine guns,Nazi Germany
Degtyaryov DP-28 (captured from the Soviets),Machine guns,Nazi Germany
13.9-mm Panzerabwehrbüchse 782(e) (Boys anti-tank rifle in German service),Anti-tank weapons,Nazi Germany
Madsen 20 mm anti-aircraft cannon (used in motorcycle sidecars and armoured cars),Anti-tank weapons,Nazi Germany
Wz. 35 anti-tank rifle (used as Panzerbüchse 35(p)),Anti-tank weapons,Nazi Germany
"37 mm Fodfolkskanon M1937 (Danish Bofors 37mm used as 3,7 cm PaK 157(d))",Anti-tank weapons,Nazi Germany
"wz.36 (Polish Bofors 37 mm used as 3,7 cm PaK 36(p))",Anti-tank weapons,Nazi Germany
Solothurn S-18/100,Anti-tank weapons,Nazi Germany
Sturmpistole,Anti-tank weapons,Nazi Germany
Panzerbüchse 38 & Panzerbüchse 39,Anti-tank weapons,Nazi Germany
"Panzerschreck (Approx 290,000)",Anti-tank weapons,Nazi Germany
Panzerfaust,Anti-tank weapons,Nazi Germany
"8.8 cm Raketenwerfer 43 (3,000)",Anti-tank weapons,Nazi Germany
PTRS-41 (used as Panzerbüchse 784(r)),Anti-tank weapons,Nazi Germany
Flammenwerfer 35,Flamethrowers,Nazi Germany
Flammenwerfer 41,Flamethrowers,Nazi Germany
Einstossflammenwerfer 46,Flamethrowers,Nazi Germany
M1924 Stielhandgranate,Grenades,Nazi Germany
M1939 Eiergranate –,Grenades,Nazi Germany
M1943 Stielhandgranate,Grenades,Nazi Germany
Splitterring,Grenades,Nazi Germany
S-mine (anti-personnel mine),Mines,Nazi Germany
Schiessbecher (attach on Kar98k rifle only),Grenade launchers,Nazi Germany
Kampfmesser 42,Close quarter weapons,Nazi Germany
S84/98 III Bayonet,Close quarter weapons,Nazi Germany
5 cm leGrW 36,Mortars,Nazi Germany
8 cm Granatwerfer 34,Mortars,Nazi Germany
Granatwerfer 42,Mortars,Nazi Germany
Kz 8 cm GrW 42,Mortars,Nazi Germany
Borgward Zundapp Sonderkraftfahrzeug Sd.Kfz.302 Goliath (remote controlled explosive machine),Guided explosive weapons,Nazi Germany
Zundapp Zachertz Sonderkraftfahrzeug Sd.Kfz.303A Goliath (remote controlled explosive machine),Guided explosive weapons,Nazi Germany
Colt Official Police,Sidearms,Greece
Beretta M1934 (captured from the Italians),Sidearms,Greece
Beretta M1935 (captured from the Italians),Sidearms,Greece
Ruby M1914,Sidearms,Greece
FN M1910-22,Sidearms,Greece
Nagant M1895,Sidearms,Greece
Luger pistol (captured from the Germans),Sidearms,Greece
Bergmann-Bayard M1908,Sidearms,Greece
Lee-Enfield rifle (used by exiled Greek forces),Rifles,Greece
Carcano rifle (captured from the Italians),Rifles,Greece
Gras M1874 and M1874-14,Rifles,Greece
"Berthier M1892, M1892-16, M1907-15 and M1916",Rifles,Greece
Lebel M1886-93,Rifles,Greece
"Mannlicher-Schönauer M1903, M1903-14 and M1903-41",Rifles,Greece
Mauser FN M1930,Rifles,Greece
M3 submachine gun (used by exiled Greek forces),Submachine guns,Greece
Thompson submachine gun (used by exiled Greek forces),Submachine guns,Greece
Sten submachine gun (used by exiled Greek forces),Submachine guns,Greece
Beretta M1938 (captured from the Italians),Submachine guns,Greece
MP 34 (captured from the Germans and used by gendarmerie and police forces),Submachine guns,Greece
MP 40 (captured from the Germans),Submachine guns,Greece
Hotchkiss M1922,Light machine guns,Greece
Bren light machine gun (used by exiled Greek forces),Light machine guns,Greece
Breda M1930 (captured from the Italians),Light machine guns,Greece
Chauchat M1915,Light machine guns,Greece
EPK machine gun,Light machine guns,Greece
Hotchkiss M1914,Heavy machine guns,Greece
Modified Hotchkiss machine gun,Heavy machine guns,Greece
St. Étienne M1907-16,Heavy machine guns,Greece
Schwarzlose M1907-12,Heavy machine guns,Greece
PIAT,Anti-tank weapons,Greece
Brixia M1935 (captured from the Italians),Mortars,Greece
Brandt M1927-31,Mortars,Greece
FÉG 29M,Sidearms,Hungary
FÉG 37M Pistol,Sidearms,Hungary
Frommer Stop,Sidearms,Hungary
Frommer Lilliput,Sidearms,Hungary
Walther P38,Sidearms,Hungary
20M flare pistol,Flare guns,Hungary
42M flare pistol,Flare guns,Hungary
43M flare pistol,Flare guns,Hungary
30M rifle,Rifles,Hungary
31M rifle,Rifles,Hungary
35M rifle,Rifles,Hungary
38M rifle,Rifles,Hungary
95M Mannlicher,Rifles,Hungary
Steyr-Mannlicher M1895,Rifles,Hungary
Beretta M1938,Submachine guns,Hungary
Danuvia 39M and 43M,Submachine guns,Hungary
MP35,Submachine guns,Hungary
MP40,Submachine guns,Hungary
PPSh-41 (Captured),Submachine guns,Hungary
Madsen light machine gun (Madsen golyószóró),Machine guns,Hungary
Schwarzlose M1907/31M heavy machine gun,Machine guns,Hungary
Solothurn 31M light machine gun,Machine guns,Hungary
1934M Stange (MG34),Machine guns,Hungary
MG 34,Machine guns,Hungary
1942M Grunov (MG42),Machine guns,Hungary
42M (MG131),Machine guns,Hungary
Degtyaryov DP-28,Machine guns,Hungary
43M kézi páncéltörő vető (Hungarian bazooka variant),Anti-tank weapons,Hungary
Solothurn 36M 20mm anti-tank rifle (S-18/100),Anti-tank weapons,Hungary
44M kézi páncéltörő vető (Hungarian panzerschreck variant),Anti-tank weapons,Hungary
Panzerschreck,Anti-tank weapons,Hungary
Nagy Páncélököl (Panzerfaust 30),Anti-tank weapons,Hungary
Kis Páncélököl (Panzerfaust Klein),Anti-tank weapons,Hungary
36M mine,Mines,Hungary
43M mine,Mines,Hungary
31M Vesiczky,Grenades,Hungary
36M Vécsey,Grenades,Hungary
37M Demeter,Grenades,Hungary
39A/M fire grenade (Molotov cocktail),Grenades,Hungary
42M Vecsey,Grenades,Hungary
L-28M Goldmann,Grenades,Hungary
Lila füstgyertya,Grenades,Hungary
M1924 Stielhandgranate,Grenades,Hungary
Glisenti M1910,Sidearms,Italy
Beretta M1923,Sidearms,Italy
Beretta M1934,Sidearms,Italy
Beretta M1935,Sidearms,Italy
Bodeo M1889,Sidearms,Italy
Ruby pistol,Sidearms,Italy
Roth–Steyr M1907,Sidearms,Italy
Steyr M1912,Sidearms,Italy
Mauser C96,Sidearms,Italy
Walther P38,Sidearms,Italy
Carcano M1891,Rifles,Italy
Carcano M1938,Rifles,Italy
Carcano M1941,Rifles,Italy
Revelli M1939,Rifles,Italy
Breda PG,Rifles,Italy
Steyr-Mannlicher M1895,Rifles,Italy
Karabiner 98k,Rifles,Italy
M1A1 Thompson (Captured examples pressed into use by the Italian Army prior to 8 September 1943),Submachine guns,Italy
FNAB-43,Submachine guns,Italy
TZ-45,Submachine guns,Italy
Beretta M1918,Submachine guns,Italy
Beretta M1938,Submachine guns,Italy
Villar-Perosa OVP M1918,Submachine guns,Italy
MP 40,Submachine guns,Italy
Breda Mod. 5C,Light machine guns,Italy
Breda M1930,Light machine guns,Italy
FM 24/29 light machine gun,Light machine guns,Italy
Fiat–Revelli M1914,Medium machine guns,Italy
Fiat–Revelli M1935,Medium machine guns,Italy
Breda Mod. 5G,Medium machine guns,Italy
Breda M1937,Medium machine guns,Italy
Breda M1938,Medium machine guns,Italy
Vickers machine gun (Chambered in 6.5×52mm Carcano),Heavy machine guns,Italy
Breda M1931,Heavy machine guns,Italy
Brixia 45/5 M1935,Mortars,Italy
CEMSA 81/14 M1935,Mortars,Italy
Boys anti-tank rifle (Captured in the North African campaign),Anti-tank weapons,Italy
Wz. 35 (ex-Polish),Anti-tank weapons,Italy
Solothurn S-18/100,Anti-tank weapons,Italy
Solothurn S-18/1000,Anti-tank weapons,Italy
Solothurn S-18/1100,Anti-tank weapons,Italy
Panzerschreck,Anti-tank weapons,Italy
Panzerfaust 30,Anti-tank weapons,Italy
SRCM M1935,Grenades,Italy
Passaglia Grenade,Grenades,Italy
Breda M1935,Grenades,Italy
Breda M1942,Grenades,Italy
OTO M1935,Grenades,Italy
OTO M1942,Grenades,Italy
OTO L,Grenades,Italy
Lanciafiamme M1935,Flamethrowers,Italy
Lanciafiamme M1941,Flamethrowers,Italy
Lanciafiamme M1941 D'assalto,Flamethrowers,Italy
M1891 sciabola baionetta,Bayonets,Italy
M1891/38 pugnale baionetta,Bayonets,Italy
Colt M1903,Sidearms,Japan
Smith & Wesson Model 3,Sidearms,Japan
Astra 900,Sidearms,Japan
FN M1910,Sidearms,Japan
Type 26 Revolver,Sidearms,Japan
Hamada Type pistol,Sidearms,Japan
Sugiura pistol,Sidearms,Japan
Hino–Komuro pistol,Sidearms,Japan
Nambu Type 14,Sidearms,Japan
Nambu Type 94,Sidearms,Japan
Luger P08,Sidearms,Japan
Mauser C96,Sidearms,Japan
Type 10 flare pistole,Flare guns,Japan
Nambu Type 90 flare pistole,Flare guns,Japan
TERA rifle,Rifles,Japan
Arisaka Type 5,Rifles,Japan
Arisaka Type 30,Rifles,Japan
Arisaka Type 35,Rifles,Japan
Arisaka Type 38,Rifles,Japan
Arisaka Type 38 Carbine,Rifles,Japan
Arisaka Type 44 Carbine,Rifles,Japan
Arisaka Type 97 Sniper Rifle,Rifles,Japan
Arisaka Type 99,Rifles,Japan
Arisaka Type 99 Sniper Rifle,Rifles,Japan
Type I Rifle,Rifles,Japan
Pedersen J (one of these were recovered from Okinowa),Semi-automatic rifles,Japan
Beretta M1938,Submachine guns,Japan
Nambu Type 100,Submachine guns,Japan
MP18,Submachine guns,Japan
MP34,Submachine guns,Japan
Type 92 machine gun (copy of the Lewis gun),Machine guns,Japan
Browning M1918 (captured from Chinese forces),Machine guns,Japan
Type 1 Heavy Machine Gun,Machine guns,Japan
Type 3 Heavy Machine Gun,Machine guns,Japan
Type 11 Light Machine Gun,Machine guns,Japan
Type 89 machine gun,Machine guns,Japan
Type 92 Heavy Machine Gun,Machine guns,Japan
Type 96 Light Machine Gun,Machine guns,Japan
Type 97 heavy tank machine gun,Machine guns,Japan
Nambu Type 99,Machine guns,Japan
Type 98 machine Gun,Machine guns,Japan
Type 97 20 mm anti-tank rifle,Anti-tank weapons,Japan
Lunge anti tank mine (Suicide mine. Last years of the war.),Mines,Japan
Type 99 anti tank mine,Mines,Japan
Type 4 grenade,Grenades,Japan
Type 10 fragmentation hand/discharger grenade,Grenades,Japan
Type 91 fragmentation hand/discharger grenade,Grenades,Japan
Type 97 fragmentation hand grenade,Grenades,Japan
Type 98 grenade,Grenades,Japan
Type 99 hand/rifle fragmentation grenade,Grenades,Japan
M1924 Stielhandgranate,Grenades,Japan
Type 2 12 cm Mortar,Mortars,Japan
Type 11 70 mm Infantry Mortar,Mortars,Japan
Type 90 light mortar,Mortars,Japan
Type 94 90 mm Infantry Mortar,Mortars,Japan
Type 96 150 mm Infantry Mortar,Mortars,Japan
Type 97 81 mm Infantry Mortar,Mortars,Japan
Type 97 90 mm Infantry Mortar,Mortars,Japan
Type 97 150 mm Infantry Mortar,Mortars,Japan
Type 98 50 mm Mortar,Mortars,Japan
Type 99 81 mm mortar,Mortars,Japan
Type 93 and Type 100,Flamethrowers,Japan
Type 10,Grenade dischargers,Japan
Type 89,Grenade dischargers,Japan
Type 30 bayonet,Swords,Japan
Type 42 bayonet,Swords,Japan
Shin guntō,Swords,Japan
I-Go (remote controlled explosive machine),Guided explosive weapons,Japan
Nagant 1895,Sidearms,Latvia
Luger P08,Sidearms,Latvia
No.4 Mk I Lee–Enfield,Rifles,Latvia
Ross Rifle,Rifles,Latvia
Mosin-Nagant M1891/30,Rifles,Latvia
vz. 24,Rifles,Latvia
Tallinn Arsenal,Submachine guns,Latvia
Lewis Gun,Machine guns,Latvia
Vickers machine gun,Machine guns,Latvia
M1924 Stielhandgranate,Grenades,Latvia
Ruby pistol,Sidearms,Lithuania
M1895 Nagant,Sidearms,Lithuania
Luger P08,Sidearms,Lithuania
Mauser C96,Sidearms,Lithuania
Tokarev TT-33,Sidearms,Lithuania
Pattern 1914 Enfield,Rifles,Lithuania
Mosin–Nagant,Rifles,Lithuania
Gewehr 88,Rifles,Lithuania
Mauser 24L,Rifles,Lithuania
Mauser 98,Rifles,Lithuania
MP 18,Submachine guns,Lithuania
MP40,Submachine guns,Lithuania
PPD-40,Submachine guns,Lithuania
PM M1910,Machine guns,Lithuania
Madsen machine gun,Machine guns,Lithuania
ZB vz.26,Machine guns,Lithuania
MG 08/15,Machine guns,Lithuania
MG 08,Machine guns,Lithuania
Browning Hi-Power,Sidearms,Luxembourg
Webley Revolver,Sidearms,Luxembourg
Lee–Enfield,Rifles,Luxembourg
Ross Rifle,Rifles,Luxembourg
Pattern 1914,Rifles,Luxembourg
Gewehr 98,Rifles,Luxembourg
Karabiner 98k,Rifles,Luxembourg
Swedish Mauser M/96,Rifles,Luxembourg
MP 18,Submachine guns,Luxembourg
Browning M1918,Machine guns,Luxembourg
Bren light machine gun,Machine guns,Luxembourg
Vickers machine gun,Machine guns,Luxembourg
MG 08,Machine guns,Luxembourg
Boys anti-tank rifle,Anti-tank weapons,Luxembourg
Browning HP,Sidearms,Malaysia
Colt M1911A1,Sidearms,Malaysia
S&W Model 10,Sidearms,Malaysia
Webley Mk IV,Sidearms,Malaysia
Nambu Type 14,Sidearms,Malaysia
Luger P-08,Sidearms,Malaysia
M1 Carbine,Rifles,Malaysia
Lee–Enfield No.1 Mk III,Rifles,Malaysia
Lee–Enfield No.4 Mk I,Rifles,Malaysia
Lee–Enfield No.5 Mk I,Rifles,Malaysia
Arisaka Type 38,Rifles,Malaysia
Arisaka Type 99,Rifles,Malaysia
Winchester M1897,Shotguns,Malaysia
Winchester M1912,Shotguns,Malaysia
Browning Auto-5,Shotguns,Malaysia
Remington M1911,Shotguns,Malaysia
M3 grease gun,Submachine guns,Malaysia
M50 Reising,Submachine guns,Malaysia
Thompson M1928,Submachine guns,Malaysia
Sten Mk II,Submachine guns,Malaysia
Owen submachine gun,Submachine guns,Malaysia
Nambu Type 100/42,Submachine guns,Malaysia
Nambu Type 100/44,Submachine guns,Malaysia
MP18,Submachine guns,Malaysia
MP40,Submachine guns,Malaysia
Lewis Mk I,Machine guns,Malaysia
Browning M1917A1,Machine guns,Malaysia
Browning M1918A2,Machine guns,Malaysia
Browning M1919A4,Machine guns,Malaysia
Browning M2HB,Machine guns,Malaysia
Bren Mk I and Mk II,Machine guns,Malaysia
Vickers Mk I,Machine guns,Malaysia
Nambu Type 11,Machine guns,Malaysia
Nambu Type 92,Machine guns,Malaysia
Nambu Type 96,Machine guns,Malaysia
Nambu Type 99,Machine guns,Malaysia
MG08,Machine guns,Malaysia
PIAT,Anti-tank weapons,Malaysia
Boys Anti-Tank Rifle,Anti-tank weapons,Malaysia
Mk.2 Fragmentation Hand Grenade,Grenades,Malaysia
No.36M Mk.I,Grenades,Malaysia
Type 97 Grenade,Grenades,Malaysia
Molotov Cocktail,Grenades,Malaysia
Bayonet,Knives,Malaysia
Fairbairn–Sykes fighting knife,Knives,Malaysia
Keris,Knives,Malaysia
Parang,Knives,Malaysia
Mauser Type 1 Pistol,Sidearms,China
Mauser Type 2 or 3 Pistol,Sidearms,China
Type 38 Rifle,Rifles,China
Type 38 Cavalry Rifle,Rifles,China
Type 99 Rifle,Rifles,China
Liao Type 13 Rifle,Rifles,China
Manchurian Mauser Rifle,Rifles,China
Type 3 heavy machine gun,Machine guns,China
Type 11 light machine gun,Machine guns,China
Type 92 heavy machine gun,Machine guns,China
Type 96 light machine gun,Machine guns,China
ZB-30,Machine guns,China
Type 10 grenade discharger,Grenade dischargers,China
Colt M1911,Sidearms,Mexico
Smith & Wesson M&P,Sidearms,Mexico
Obregón pistol,Sidearms,Mexico
Winchester M1895,Rifles,Mexico
vz. 24,Rifles,Mexico
Gewehr 98,Rifles,Mexico
"Mauser M1895, M1902 and M1936",Rifles,Mexico
M3 submachine gun,Submachine guns,Mexico
Thompson M1A1,Submachine guns,Mexico
Erma EMP,Submachine guns,Mexico
Lewis gun,Machine guns,Mexico
Browning M1919,Machine guns,Mexico
Hotchkiss M1914,Machine guns,Mexico
Vickers machine gun,Machine guns,Mexico
Mendoza C-1934,Machine guns,Mexico
Madsen machine gun,Machine guns,Mexico
M9 Bazooka,Anti-tank weapons,Mexico
Mosin–Nagant,Rifles,Mongolia
PPSh-41,Submachine guns,Mongolia
PPS-43,Submachine guns,Mongolia
Maxim M1910,Machine guns,Mongolia
SG-43 Goryunov,Machine guns,Mongolia
DShK,Machine guns,Mongolia
Browning Hi-Power,Sidearms,The Netherlands
FN M1903,Sidearms,The Netherlands
FN M1910/22,Sidearms,The Netherlands
Borchardt-Luger,Sidearms,The Netherlands
Mauser C96 (used by the KNIL),Sidearms,The Netherlands
M1 Carbine,Rifles,The Netherlands
Lee–Enfield,Rifles,The Netherlands
M1941 Johnson rifle (By the KNIL),Rifles,The Netherlands
Dutch Mannlicher M1895,Rifles,The Netherlands
vz. 24,Rifles,The Netherlands
Thompson M1928 (By the KNIL),Submachine guns,The Netherlands
Sten (By the KNIL),Submachine guns,The Netherlands
Owen Gun (By the KNIL),Submachine guns,The Netherlands
MP 28 (By the KNIL),Submachine guns,The Netherlands
Lewis Gun,Machine guns,The Netherlands
Browning M1918 (By the KNIL),Machine guns,The Netherlands
Bren light machine gun,Machine guns,The Netherlands
Vickers machine gun,Machine guns,The Netherlands
Madsen machine gun (By the KNIL in carbine version),Machine guns,The Netherlands
Schwarzlose M1907/12,Machine guns,The Netherlands
MG08,Machine guns,The Netherlands
Mk 2 grenade (By the KNIL),Grenades,The Netherlands
M1 Bazooka,Anti-tank weapons,The Netherlands
PIAT,Anti-tank weapons,The Netherlands
Bofors 37 mm,Anti-tank weapons,The Netherlands
Solothurn S-18/1100 (By the KNIL),Anti-tank weapons,The Netherlands
Browning Hi-Power,Sidearms,New Zealand
Enfield No. 2,Sidearms,New Zealand
Smith & Wesson M&P,Sidearms,New Zealand
Webley Revolver,Sidearms,New Zealand
Luger P08,Sidearms,New Zealand
Lee–Enfield,Rifles,New Zealand
Thompson submachine gun,Submachine guns,New Zealand
Sten,Submachine guns,New Zealand
Owen submachine gun,Submachine guns,New Zealand
Lewis gun,Machine guns,New Zealand
Bren light machine gun,Machine guns,New Zealand
Vickers machine gun,Machine guns,New Zealand
Charlton Automatic Rifle (1500),Machine guns,New Zealand
PIAT,Anti-tank weapons,New Zealand
Boys anti-tank rifle,Anti-tank weapons,New Zealand
Mills bomb,Grenades,New Zealand
Colt M1911 (some were purchased prior to production of M1914),Sidearms,Norway
"Kongsberg Colt (Norwegian produced Colt M1911, standard issue for the Norwegian army until 1940)",Sidearms,Norway
Nagant M1895 (earlier service pistol that preceded the M1914 in service. Still in use by 1940.),Sidearms,Norway
Luger P08,Sidearms,Norway
Lee–Enfield (used by the resistance movement),Rifles,Norway
Krag-Jørgensen M1894 (Standard service rifle of the Norwegian forces until 1940. Carbines and sniper versions were also used.),Rifles,Norway
vz. 24,Rifles,Norway
Automatgevär m/42 (used by Police Troops trained in neutral Sweden),Rifles,Norway
Gevär M/96 (used by Police Troops),Rifles,Norway
Karabiner 98k,Rifles,Norway
Sjögren shotgun (limited use by the Norwegian Army),Shotguns,Norway
Lewis gun,Machine guns,Norway
Browning M1917,Machine guns,Norway
Browning M1918,Machine guns,Norway
Colt M/29 (standard heavy machine gun and anti air defense),Machine guns,Norway
Hotchkiss M1914 machine gun,Machine guns,Norway
Madsen M/22 and M/14 (standard light machine gun),Machine guns,Norway
Makeshift grenades and bombs,Grenades,Norway
Browning Hi-Power,Sidearms,Poland
Colt M1911 (used by the Polish Armed Forces in the West),Sidearms,Poland
Ruby pistol,Sidearms,Poland
Nagant M1895,Sidearms,Poland
Nagant wz.1932,Sidearms,Poland
Radom Pistolet wz.35 Vis (standard service sidearm in 1939),Sidearms,Poland
TT-33 (used by the Polish Armed Forces in the East),Sidearms,Poland
Lee–Enfield (used by the Polish Armed Forces in the West),Rifles,Poland
"Berthier rifle (stored before WW2, used by the second-line troops in 1939)",Rifles,Poland
"Lebel rifle (stored before WW2, used by the second-line troops in 1939)",Rifles,Poland
Mosin–Nagant (used by the Polish Armed Forces in the East),Rifles,Poland
"Karabinek wz. 91/98/23 (based on Mosin Nagant, used in Invasion of Poland)",Rifles,Poland
Karabinek wz. 91/98/25,Rifles,Poland
Karabinek wz. 91/98/26,Rifles,Poland
"Karabinek wz.29 (main service rifle in 1939, based on Karabin wz.98a)",Rifles,Poland
Karabin wz.98a (main service rifle in 1939),Rifles,Poland
Kbsp wz. 1938M (small number were produced),Rifles,Poland
Gewehr 98 (used by the resistance movement),Rifles,Poland
Karabiner 98k (used by the resistance movement),Rifles,Poland
SVT-40 (used by the Polish Armed Forces in the East),Rifles,Poland
Thompson submachine gun (used by the Polish Armed Forces in the West),Submachine gun,Poland
Sten (used by the Polish Armed Forces in the West),Submachine gun,Poland
Mors wz. 39 (prototypes only),Submachine gun,Poland
Błyskawica submachine gun (used by the resistance movement),Submachine gun,Poland
Choroszmanów submachine gun (used by the resistance movement),Submachine gun,Poland
Bechowiec-1 (used by the resistance movement),Submachine gun,Poland
PPS submachine gun (used by the Polish Armed Forces in the East),Submachine gun,Poland
PPSh-41 (used by the Polish Armed Forces in the East),Submachine gun,Poland
Lewis gun,Machine guns,Poland
Browning M1917,Machine guns,Poland
Ckm wz.30 (Polish standard heavy machine gun variant of the Browning 1917),Machine guns,Poland
Browning M1918,Machine guns,Poland
Ckm wz.32 (a Polish variant of the Browning M1919 chambered in 7.92mm),Machine guns,Poland
Browning wz.1928 (standard light machine gun),Machine guns,Poland
Maxim wz. 1910 (used by the Polish Armed Forces in the East),Machine guns,Poland
Bren (used by the Polish Armed Forces in the West)),Machine guns,Poland
Type C machine gun,Machine guns,Poland
Degtyaryov machine gun (used by the Polish Armed Forces in the East),Machine guns,Poland
PIAT (used by the Polish Armed Forces in the West),Anti-tank weapons,Poland
Kb ppanc wz.35,Anti-tank weapons,Poland
wz.36 (Polish Bofors 37mm),Anti-tank weapons,Poland
Panzerfaust (used by the resistance movement),Anti-tank weapons,Poland
Molotov Cocktail,Grenades,Poland
wz.1933 fragmentation grenade,Grenades,Poland
wz.1933 concussion grenade,Grenades,Poland
wz.S smoke grenade,Grenades,Poland
Granatnik wz.36,Grenade launchers,Poland
WS-1 flamethrower,Flamethrowers,Poland
WS-2 flamethrower,Flamethrowers,Poland
Zieliński flamethrower,Flamethrowers,Poland
Sender flamethrower,Flamethrowers,Poland
wz.18 mortar,Mortars,Poland
wz.18/31 mortar,Mortars,Poland
wz.28 mortar,Mortars,Poland
wz.31 mortar,Mortars,Poland
wz.32 heavy mortar,Mortars,Poland
wz.40 mortar,Mortars,Poland
Beretta M 1934,Sidearms,Romania
Beretta M 1935,Sidearms,Romania
Ruby pistol,Sidearms,Romania
Steyr M1912,Sidearms,Romania
Tokarev TT-33 (captured),Sidearms,Romania
Carcano,Rifles,Romania
Mosin–Nagant (captured),Rifles,Romania
Mannlicher M1895 (issued to second line troops),Rifles,Romania
"vz.24 (standard infantry rifle, adopted in 1938)",Rifles,Romania
Beretta M1938,Submachine guns,Romania
Orita M1941,Submachine guns,Romania
MP28,Submachine guns,Romania
MP40,Submachine guns,Romania
MP41,Submachine guns,Romania
PPSh-41 (captured),Submachine guns,Romania
Lewis gun,Machine guns,Romania
PM M1910 (captured),Machine guns,Romania
ZB vz. 26,Machine guns,Romania
ZB-30,Machine guns,Romania
ZB-53,Machine guns,Romania
MG 34,Machine guns,Romania
Bofors 37 mm,Anti-tank weapons,Romania
Panzerschreck,Anti-tank weapons,Romania
Panzerfaust,Anti-tank weapons,Romania
Pistole vz. 22,Sidearms,Slovak Republic
Pistole vz. 24,Sidearms,Slovak Republic
ZB vz. 24,Rifles,Slovak Republic
Karabiner 98k,Rifles,Slovak Republic
ZB vz. 26,Light machine guns,Slovak Republic
ZB vz. 30,Light machine guns,Slovak Republic
Schwarzlose M1907/12 (as Kulomet vz. 24),Heavy machine guns,Slovak Republic
80 mm vz. 36 (medium mortar),Mortars,Slovak Republic
Webley Revolver,Sidearms,South Africa
Lee-Enfield No.1 Mk 3*,Rifles,South Africa
Lee–Enfield No.4 Mk 1,Rifles,South Africa
Jungle Carbine,Rifles,South Africa
Rieder Automatic Rifle,Rifles,South Africa
Thompson M1928,Submachine guns,South Africa
Sten,Submachine guns,South Africa
Bren light machine gun,Machine guns,South Africa
Vickers machine gun,Machine guns,South Africa
M1 Bazooka,Anti-tank weapons,South Africa
PIAT,Anti-tank weapons,South Africa
3.5-inch rocket launcher,Anti-tank weapons,South Africa
2-inch mortar,Mortars,South Africa
Colt M1911 (American Lend-Lease),Sidearms,USSR
Nagant 1895,Sidearms,USSR
Mauser C96 (captured),Sidearms,USSR
TT-33,Sidearms,USSR
Korovin TK,Sidearms,USSR
M1 Carbine (American Lend-Lease),Rifles,USSR
Mosin–Nagant M1891/30,Rifles,USSR
Mosin–Nagant M1938 Carbine,Rifles,USSR
Mosin–Nagant M1944 Carbine,Rifles,USSR
Karabiner 98k (captured from the Germans),Rifles,USSR
SKS (limited use in 1945),Rifles,USSR
Tokarev SVT-38 and SVT-40,Rifles,USSR
AVS-36,Automatic rifles and battle rifles,USSR
AVT-40,Automatic rifles and battle rifles,USSR
AS-44,Automatic rifles and battle rifles,USSR
"Fedorov Avtomat (Winter War only, cut from service due to high production costs)",Automatic rifles and battle rifles,USSR
Boys anti-tank rifle (British Lend-Lease),Anti-tank rifles,USSR
PTRD-41,Anti-tank rifles,USSR
PTRS-41,Anti-tank rifles,USSR
M50 Reising (American Lend-Lease),Submachine guns,USSR
Thompson submachine gun (American Lend-Lease),Submachine guns,USSR
MP-40 (captured),Submachine guns,USSR
PPD-34/38,Submachine guns,USSR
PPD-40,Submachine guns,USSR
PPSh-41,Submachine guns,USSR
PPS-42 and PPS-43,Submachine guns,USSR
Lewis gun (received as Lend-Lease aid),Machine guns,USSR
Maxim M1910,Machine guns,USSR
DTM-4,Machine guns,USSR
DS-39 (production was discontinued after the German invasion),Machine guns,USSR
RPD (Limited use in 1945),Machine guns,USSR
DShK,Machine guns,USSR
SG-43 Goryunov,Machine guns,USSR
Degtyaryov DP-28,Machine guns,USSR
LAD machine gun (Trials by the Red Army. Maybe it was used? Take this with a citation.),Machine guns,USSR
M1924 Stielhandgranate (captured from the Germans),Grenades,USSR
Molotov cocktail,Grenades,USSR
M1914 grenade,Grenades,USSR
RPG-6,Grenades,USSR
RGD-33 grenade,Grenades,USSR
RPG-40,Grenades,USSR
RG-41,Grenades,USSR
RG-42,Grenades,USSR
RPG-43,Grenades,USSR
F1 grenade,Grenades,USSR
Dyakonoff grenade thrower (Attach on M91/30 rifle only),Grenade launchers,USSR
NR-40,Knives,USSR
ROKS-2,Flamethrowers,USSR
ROKS-3,Flamethrowers,USSR
M1 Bazooka (US Lend Lease),Anti-tank weapons,USSR
PIAT (British Lend Lease),Anti-tank weapons,USSR
Bofors 37 mm,Anti-tank weapons,USSR
Panzerschreck (captured from the enemy),Anti-tank weapons,USSR
Panzerfaust 60 (captured from the enemy),Anti-tank weapons,USSR
TM-35 mine (anti tank mine),Mines,USSR
PMK-40 (anti personnel mine),Mines,USSR
Type 80 Star,Sidearms,Thailand
Colt M1911,Sidearms,Thailand
Type 79 Colt Super,Sidearms,Thailand
Type 82 Colt Revolver,Sidearms,Thailand
FN M1900,Sidearms,Thailand
Nambu Type 14,Sidearms,Thailand
Type 80 Machine pistol,Sidearms,Thailand
Luger pistol,Sidearms,Thailand
Arisaka Type 38,Rifles,Thailand
Arisaka Type 99,Rifles,Thailand
Type 46 Siamese Mauser,Rifles,Thailand
Type 46/66 Siamese Mauser,Rifles,Thailand
Type 47 Siamese Mauser,Rifles,Thailand
Type 47/66 Siamese Mauser,Rifles,Thailand
Type 66 Siamese Mauser,Rifles,Thailand
Nambu Type 100,Submachine guns,Thailand
MP 18,Submachine guns,Thailand
Browning M1917,Machine guns,Thailand
Type 66 heavy machine gun,Machine guns,Thailand
Vickers machine gun,Machine guns,Thailand
Type 92 heavy machine gun,Machine guns,Thailand
Type 66 light machine gun,Machine guns,Thailand
Type 97 automatic cannon,Anti-tank weapons,Thailand
Type 91 grenade,Grenades,Thailand
Type 97 grenade,Grenades,Thailand
Type 10 grenade discharger,Grenade dischargers,Thailand
FN/Inglis Browning Hi-Power (As Pistol No.2 Mk.I),Sidearms,UK
Enfield No. 2,Sidearms,UK
Colt M1911,Sidearms,UK
Colt Official Police,Sidearms,UK
Smith & Wesson M&P,Sidearms,UK
Welrod,Sidearms,UK
Webley Mk.VI (.455) & Mk.IV (.38/200),Sidearms,UK
M1 Garand,Rifles,UK
M1 Carbine,Rifles,UK
Rifle .303 Pattern 1914 Enfield,Rifles,UK
No.III Lee–Enfield,Rifles,UK
No.4 Mk I Lee–Enfield,Rifles,UK
Rifle No.5 Mk I,Rifles,UK
Remington Model 8 (Used by home guard),Rifles,UK
Howell Automatic Rifle (Used by home guard),Rifles,UK
M1D Garand,Sniper rifles,UK
Pattern 1914 Enfield,Sniper rifles,UK
Lee–Enfield No 4 Mk 1 (T),Sniper rifles,UK
"Thompson M1928, M1928A1, M1A1",Submachine guns,UK
Sterling submachine gun,Submachine guns,UK
Sten (About 4 million produced from all sources),Submachine guns,UK
Lanchester submachine gun (Used by Royal Navy and RAF),Submachine guns,UK
Lewis Gun,Machine guns,UK
Browning M1919,Machine guns,UK
Browning M2,Machine guns,UK
Bren light machine gun,Machine guns,UK
Vickers machine gun,Machine guns,UK
Vickers K machine gun,Machine guns,UK
Vickers-Berthier (Indian Army use),Machine guns,UK
Besa machine gun,Machine guns,UK
M1 Bazooka,Anti-tank weapons,UK
"Projector, Infantry, Anti-Tank (PIAT)",Anti-tank weapons,UK
"Boys Anti-Tank Rifle, .55",Anti-tank weapons,UK
Bofors 37 mm,Anti-tank weapons,UK
"No.36M Mk.I (Fragmentation hand/rifle grenade known as ""Mills bomb"")",Grenades,UK
"Grenade, Rifle No.68 AT (HEAT Anti-tank rifle grenade)",Grenades,UK
No.69 Mk.I (Concussion hand grenade),Grenades,UK
"No. 73 Grenade (Also known as ""Thermos grenade"", anti-tank grenade)",Grenades,UK
"No.74 ST Grenade (Known as ""sticky bomb"", anti-tank hand grenade)",Grenades,UK
"No.75 Anti-Tank Hand Grenade (Known as ""Hawkins grenade"" or ""Hawkins mine"")",Grenades,UK
No. 76 Special Incendiary Grenade (Phosphorus hand grenade),Grenades,UK
No 77 grenade (White phosphorus hand grenade),Grenades,UK
"No.82 Hand Grenade (Known as ""Gammon grenade/bomb"")",Grenades,UK
2-inch mortar,Mortars,UK
Ordnance ML 3-inch Mortar,Mortars,UK
"Flamethrower, Portable, No 2 ""Lifebuoy""",Flamethrowers,UK
BC-41,Knives,UK
Smatchet,Knives,UK
Kukri (Used by Gurkha regiments),Knives,UK
Fairbairn-Sykes Fighting Knife,Knives,UK
Metropolitan-Vickers Beetle (cable guided explosive machine),Guided explosive weapons,UK
Colt M1903 Pocket Hammerless,Sidearms,US
Colt M1911,Sidearms,US
Colt M1917 revolver,Sidearms,US
"Colt Official Police (Colt M1927 also known as ""Colt Commando"")",Sidearms,US
Colt New Service Revolver,Sidearms,US
Smith & Wesson M&P,Sidearms,US
M1 Garand,Rifles,US
M1 Carbine,Rifles,US
M2 Carbine,Rifles,US
M1917 Enfield,Rifles,US
Springfield M1903A1,Rifles,US
M1941 Johnson rifle,Rifles,US
M1C Garand,Sniper rifles,US
M1917 Enfield,Sniper rifles,US
Springfield M1903A1 (Used by USMC),Sniper rifles,US
Springfield M1903A4,Sniper rifles,US
Winchester M1895,Sniper rifles,US
Winchester Model 70,Sniper rifles,US
M18 recoilless rifle,Recoilless rifles,US
Browning Auto-5,"Shotguns (Commonly used by the Marines in the Pacific theater, limited use in Europe)",US
Winchester M1897,"Shotguns (Commonly used by the Marines in the Pacific theater, limited use in Europe)",US
"Winchester M1912 (Used also in the Western Front, standard issue shotgun of the US Army)","Shotguns (Commonly used by the Marines in the Pacific theater, limited use in Europe)",US
Winchester M1921,"Shotguns (Commonly used by the Marines in the Pacific theater, limited use in Europe)",US
Remington M1931,"Shotguns (Commonly used by the Marines in the Pacific theater, limited use in Europe)",US
Stevens M520-30 and M620,"Shotguns (Commonly used by the Marines in the Pacific theater, limited use in Europe)",US
Ithaca 37,"Shotguns (Commonly used by the Marines in the Pacific theater, limited use in Europe)",US
M3A1,Submachine guns,US
M50 Reising,Submachine guns,US
United Defense M42,Submachine guns,US
M1A1 Thompson,Submachine guns,US
Lewis Gun,Machine guns,US
Browning M1917A1 heavy machine gun,Machine guns,US
Browning M1918A2,Machine guns,US
Browning M1919A4 medium machine gun,Machine guns,US
Browning M1919A6 medium machine gun,Machine guns,US
Browning M2HB heavy machine gun,Machine guns,US
M1941 Johnson machine gun,Machine guns,US
"M1/A1 ""Bazooka"" rocket launcher",Anti-tank weapons,US
"M9 ""Bazooka"" rocket launcher",Anti-tank weapons,US
"M18 recoilless rifle (Uncommon in Europe, some use in the Pacific)",Anti-tank weapons,US
M2 flamethrower,Flamethrowers,US
M1A1 Flamethrower,Flamethrowers,US
Ronson flamethrower,Flamethrowers,US
Mk.2 Fragmentation Hand Grenade,Grenades,US
M7 grenade launcher (M1 Garand Attachment),Grenade launchers,US
M1 Mortar,Mortars,US
M2 4.2-inch mortar,Mortars,US
M2 Mortar,Mortars,US
Ka-Bar,Edged weapons,US
M1 bayonet,Edged weapons,US
M3 fighting knife,Edged weapons,US
M4 bayonet,Edged weapons,US
M1905 bayonet,Edged weapons,US
M1917 bayonet,Edged weapons,US
M1942 bayonet,Edged weapons,US
Mark I trench knife,Edged weapons,US
United States Marine Raider Stiletto,Edged weapons,US
M1917 bolo knife M1909 bolo knife,Edged weapons,US
Ruby pistol,Sidearms,Yugoslavia
FN M1910/22,Sidearms,Yugoslavia
Nagant M1895 (Soviet Aid),Sidearms,Yugoslavia
Luger P08 pistol (Captured),Sidearms,Yugoslavia
Mauser C96,Sidearms,Yugoslavia
Walther P38 (Captured),Sidearms,Yugoslavia
TT-33 (Soviet Aid),Sidearms,Yugoslavia
Carcano (Captured),Rifles,Yugoslavia
FN M1924,Rifles,Yugoslavia
Steyr-Mannlicher M1895,Rifles,Yugoslavia
vz. 24,Rifles,Yugoslavia
Kbk wz. 1929,Rifles,Yugoslavia
Gewehr 98,Rifles,Yugoslavia
Kar98k (Captured),Rifles,Yugoslavia
M1 Thompson (British Aid),Submachine guns,Yugoslavia
Sten gun (British Aid),Submachine guns,Yugoslavia
Beretta M1938 (Captured),Submachine guns,Yugoslavia
Suomi KP/-31 (Captured),Submachine guns,Yugoslavia
Danuvia 43M (Captured),Submachine guns,Yugoslavia
Erma EMP-35,Submachine guns,Yugoslavia
MP 40 (Captured),Submachine guns,Yugoslavia
PPSh-41 (Soviet Aid),Submachine guns,Yugoslavia
PPS-43 (Soviet Aid),Submachine guns,Yugoslavia
Bren light machine gun (British Aid),Machine guns,Yugoslavia
Fiat–Revelli M1914,Machine guns,Yugoslavia
Breda M1930 (Captured),Machine guns,Yugoslavia
Breda M1937 (Captured),Machine guns,Yugoslavia
Chauchat,Machine guns,Yugoslavia
Madsen machine gun,Machine guns,Yugoslavia
ZB vz. 26,Machine guns,Yugoslavia
MG-34 (Captured),Machine guns,Yugoslavia
MG-42 (Captured),Machine guns,Yugoslavia
Vasić M 12,Grenades,Yugoslavia
M1924 grenade (Captured),Grenades,Yugoslavia
M1939 grenade (Captured),Grenades,Yugoslavia
Flammenwerfer 42 (Captured),Flamethrowers,Yugoslavia
M1 Bazooka (American Aid),Anti-tank weapons,Yugoslavia
PIAT (British Aid),Anti-tank weapons,Yugoslavia
Boys anti-tank rifle (British Aid),Anti-tank weapons,Yugoslavia